USE mydatabase;

INSERT INTO suppliers (brand_name, address, description, founding_year, num_of_products) VALUES
('Brand1', 'Address1', 'Description1', 2000, 50),
('Brand2', 'Address2', 'Description2', 1995, 60),
('Brand3', 'Address3', 'Description3', 2010, 40),
('Brand4', 'Address4', 'Description4', 2008, 70),
('Brand5', 'Address5', 'Description5', 2002, 55),
('Brand6', 'Address6', 'Description6', 1998, 45),
('Brand7', 'Address7', 'Description7', 2005, 65),
('Brand8', 'Address8', 'Description8', 2012, 75),
('Brand9', 'Address9', 'Description9', 2004, 80),
('Brand10', 'Address10', 'Description10', 2006, 90),
('Brand11', 'Address11', 'Description11', 1997, 85),
('Brand12', 'Address12', 'Description12', 2003, 95),
('Brand13', 'Address13', 'Description13', 2011, 100),
('Brand14', 'Address14', 'Description14', 2001, 110),
('Brand15', 'Address15', 'Description15', 2009, 120),
('Brand16', 'Address16', 'Description16', 1999, 130),
('Brand17', 'Address17', 'Description17', 2007, 140),
('Brand18', 'Address18', 'Description18', 2013, 150),
('Brand19', 'Address19', 'Description19', 2000, 160),
('Brand20', 'Address20', 'Description20', 1995, 170),
('Brand21', 'Address21', 'Description21', 2010, 180),
('Brand22', 'Address22', 'Description22', 2008, 190),
('Brand23', 'Address23', 'Description23', 2002, 200),
('Brand24', 'Address24', 'Description24', 1998, 210),
('Brand25', 'Address25', 'Description25', 2005, 220),
('Brand26', 'Address26', 'Description26', 2012, 230),
('Brand27', 'Address27', 'Description27', 2004, 240),
('Brand28', 'Address28', 'Description28', 2006, 250),
('Brand29', 'Address29', 'Description29', 1997, 260),
('Brand30', 'Address30', 'Description30', 2003, 270),
('Brand31', 'Address31', 'Description31', 2011, 280),
('Brand32', 'Address32', 'Description32', 2001, 290),
('Brand33', 'Address33', 'Description33', 2009, 300),
('Brand34', 'Address34', 'Description34', 1999, 310),
('Brand35', 'Address35', 'Description35', 2007, 320),
('Brand36', 'Address36', 'Description36', 2013, 330),
('Brand37', 'Address37', 'Description37', 2000, 340),
('Brand38', 'Address38', 'Description38', 1995, 350),
('Brand39', 'Address39', 'Description39', 2010, 360),
('Brand40', 'Address40', 'Description40', 2008, 370),
('Brand41', 'Address41', 'Description41', 2002, 380),
('Brand42', 'Address42', 'Description42', 1998, 390),
('Brand43', 'Address43', 'Description43', 2005, 400),
('Brand44', 'Address44', 'Description44', 2012, 410),
('Brand45', 'Address45', 'Description45', 2004, 420),
('Brand46', 'Address46', 'Description46', 2006, 430);

INSERT INTO products (product_name, category, sub_category, brand, sale_price, market_price, type, rating, description) VALUES
('Product1', 'Category1', 'SubCategory1', 'Brand1', 100, 120, 'Type1', 4, 'Description1'),
('Product2', 'Category2', 'SubCategory2', 'Brand2', 150, 180, 'Type2', 3, 'Description2'),
('Product3', 'Category3', 'SubCategory3', 'Brand3', 200, 240, 'Type3', 5, 'Description3'),
('Product4', 'Category4', 'SubCategory4', 'Brand1', 120, 140, 'Type4', 4, 'Description4'),
('Product5', 'Category5', 'SubCategory5', 'Brand5', 180, 200, 'Type5', 4, 'Description5'),
('Product6', 'Category6', 'SubCategory6', 'Brand6', 220, 260, 'Type6', 3, 'Description6'),
('Product7', 'Category7', 'SubCategory7', 'Brand7', 250, 300, 'Type7', 5, 'Description7'),
('Product8', 'Category8', 'SubCategory8', 'Brand8', 300, 360, 'Type8', 4, 'Description8'),
('Product9', 'Category9', 'SubCategory9', 'Brand9', 280, 320, 'Type9', 4, 'Description9'),
('Product10', 'Category10', 'SubCategory10', 'Brand10', 350, 400, 'Type10', 3, 'Description10'),
('Product11', 'Category11', 'SubCategory11', 'Brand11', 400, 480, 'Type11', 5, 'Description11'),
('Product12', 'Category12', 'SubCategory12', 'Brand12', 420, 500, 'Type12', 4, 'Description12'),
('Product13', 'Category13', 'SubCategory13', 'Brand13', 480, 560, 'Type13', 4, 'Description13'),
('Product14', 'Category14', 'SubCategory14', 'Brand14', 520, 600, 'Type14', 3, 'Description14'),
('Product15', 'Category15', 'SubCategory15', 'Brand15', 600, 720, 'Type15', 5, 'Description15'),
('Product16', 'Category16', 'SubCategory16', 'Brand3', 650, 780, 'Type16', 4, 'Description16'),
('Product17', 'Category17', 'SubCategory17', 'Brand17', 720, 860, 'Type17', 4, 'Description17'),
('Product18', 'Category18', 'SubCategory18', 'Brand18', 680, 800, 'Type18', 3, 'Description18'),
('Product19', 'Category19', 'SubCategory19', 'Brand19', 800, 960, 'Type19', 5, 'Description19'),
('Product20', 'Category20', 'SubCategory20', 'Brand20', 900, 1080, 'Type20', 4, 'Description20'),
('Product21', 'Category21', 'SubCategory21', 'Brand21', 950, 1140, 'Type21', 4, 'Description21'),
('Product22', 'Category22', 'SubCategory22', 'Brand22', 1100, 1320, 'Type22', 3, 'Description22'),
('Product23', 'Category23', 'SubCategory23', 'Brand23', 1200, 1440, 'Type23', 5, 'Description23'),
('Product24', 'Category24', 'SubCategory24', 'Brand24', 1250, 1500, 'Type24', 4, 'Description24'),
('Product25', 'Category25', 'SubCategory25', 'Brand25', 1300, 1560, 'Type25', 4, 'Description25'),
('Product26', 'Category26', 'SubCategory26', 'Brand26', 1400, 1680, 'Type26', 3, 'Description26'),
('Product27', 'Category27', 'SubCategory27', 'Brand27', 1500, 1800, 'Type27', 5, 'Description27'),
('Product28', 'Category28', 'SubCategory28', 'Brand28', 1600, 1920, 'Type28', 4, 'Description28'),
('Product29', 'Category29', 'SubCategory29', 'Brand29', 1700, 2040, 'Type29', 4, 'Description29');


INSERT INTO orders (order_id, date, total_price) VALUES
(1, '2024-04-01', 500),
(2, '2024-04-02', 700),
(3, '2024-04-03', 900),
(4, '2024-04-04', 1100),
(5, '2024-04-05', 1300),
(6, '2024-04-06', 1500),
(7, '2024-04-07', 1700),
(8, '2024-04-08', 1900),
(9, '2024-04-09', 2100),
(10, '2024-04-10', 2300),
(11, '2024-04-11', 2500),
(12, '2024-04-12', 2700),
(13, '2024-04-13', 2900),
(14, '2024-04-14', 3100),
(15, '2024-04-15', 3300),
(16, '2024-04-16', 3500),
(17, '2024-04-17', 3700),
(18, '2024-04-18', 3900),
(19, '2024-04-19', 4100),
(20, '2024-04-20', 4300),
(21, '2024-04-21', 4500),
(22, '2024-04-22', 4700),
(23, '2024-04-23', 4900),
(24, '2024-04-24', 5100),
(25, '2024-04-25', 5300),
(26, '2024-04-26', 5500),
(27, '2024-04-27', 5700),
(28, '2024-04-28', 5900),
(29, '2024-04-29', 6100),
(30, '2024-04-30', 6300),
(31, '2024-05-01', 6500),
(32, '2024-05-02', 6700),
(33, '2024-05-03', 6900),
(34, '2024-05-04', 7100),
(35, '2024-05-05', 7300),
(36, '2024-05-06', 7500),
(37, '2024-05-07', 7700),
(38, '2024-05-08', 7900),
(39, '2024-05-09', 8100),
(40, '2024-05-10', 8300),
(41, '2024-05-11', 8500),
(42, '2024-05-12', 8700),
(43, '2024-05-13', 8900),
(44, '2024-05-14', 9100),
(45, '2024-05-15', 9300),
(46, '2024-05-16', 9500),
(47, '2024-05-17', 9700),
(48, '2024-05-18', 9900),
(49, '2024-05-19', 10100),
(50, '2024-05-20', 10300),
(51, '2024-05-21', 10500),
(52, '2024-05-22', 10700),
(53, '2024-05-23', 10900),
(54, '2024-05-24', 11100),
(55, '2024-05-25', 11300),
(56, '2024-05-26', 11500),
(57, '2024-05-27', 11700),
(58, '2024-05-28', 11900),
(59, '2024-05-29', 12100),
(60, '2024-05-30', 12300),
(61, '2024-06-01', 12500),
(62, '2024-06-02', 12700),
(63, '2024-06-03', 12900),
(64, '2024-06-04', 13100),
(65, '2024-06-05', 13300),
(66, '2024-06-06', 13500),
(67, '2024-06-07', 13700),
(68, '2024-06-08', 13900),
(69, '2024-06-09', 14100),
(70, '2024-06-10', 14300),
(71, '2024-06-11', 14500),
(72, '2024-06-12', 14700),
(73, '2024-06-13', 14900),
(74, '2024-06-14', 15100),
(75, '2024-06-15', 15300),
(76, '2024-06-16', 15500),
(77, '2024-06-17', 15700),
(78, '2024-06-18', 15900),
(79, '2024-06-19', 16100);

INSERT INTO order_details (product, order_) VALUES
('Product1', 1),
('Product2', 1),
('Product3', 3),
('Product4', 4),
('Product5', 5),
('Product6', 5),
('Product7', 5),
('Product8', 8),
('Product9', 9),
('Product10', 10),
('Product11', 11),
('Product12', 12),
('Product13', 13),
('Product14', 14),
('Product15', 15),
('Product16', 16),
('Product17', 17),
('Product18', 18),
('Product19', 19),
('Product20', 20),
('Product21', 21),
('Product22', 22),
('Product23', 23),
('Product24', 24),
('Product25', 25),
('Product26', 26),
('Product27', 27),
('Product28', 28),
('Product29', 29),
('Product29', 30),
('Product11', 31),
('Product12', 32),
('Product13', 33),
('Product14', 34),
('Product15', 35),
('Product16', 36),
('Product17', 37),
('Product18', 38),
('Product19', 39),
('Product20', 40),
('Product1', 41),
('Product2', 42),
('Product3', 43),
('Product4', 44),
('Product5', 45),
('Product6', 46),
('Product7', 47),
('Product8', 48),
('Product9', 49),
('Product10', 50),
('Product11', 51),
('Product12', 52),
('Product13', 53),
('Product14', 54),
('Product15', 55),
('Product16', 56),
('Product17', 57),
('Product18', 58),
('Product19', 59),
('Product20', 60),
('Product1', 61),
('Product2', 62),
('Product3', 63),
('Product4', 64),
('Product5', 65),
('Product6', 66),
('Product7', 67),
('Product8', 68),
('Product9', 69),
('Product10', 70),
('Product1', 71),
('Product2', 72),
('Product3', 73),
('Product4', 74),
('Product5', 75),
('Product6', 76),
('Product7', 77),
('Product8', 78),
('Product9', 79);

USE mydatabase2;

INSERT INTO suppliers (brand_name, address, description, founding_year, num_of_products) VALUES
('Brand47', 'Address47', 'Description47', 1997, 440),
('Brand48', 'Address48', 'Description48', 2003, 450),
('Brand49', 'Address49', 'Description49', 2011, 460),
('Brand50', 'Address50', 'Description50', 2001, 470),
('Brand51', 'Address51', 'Description51', 2009, 480),
('Brand52', 'Address52', 'Description52', 1999, 490),
('Brand53', 'Address53', 'Description53', 2007, 500),
('Brand54', 'Address54', 'Description54', 2013, 510),
('Brand55', 'Address55', 'Description55', 2000, 520),
('Brand56', 'Address56', 'Description56', 1995, 530),
('Brand57', 'Address57', 'Description57', 2010, 540),
('Brand58', 'Address58', 'Description58', 2008, 550),
('Brand59', 'Address59', 'Description59', 2002, 560),
('Brand60', 'Address60', 'Description60', 1998, 570),
('Brand61', 'Address61', 'Description61', 2005, 580),
('Brand62', 'Address62', 'Description62', 2012, 590),
('Brand63', 'Address63', 'Description63', 2004, 600),
('Brand64', 'Address64', 'Description64', 2006, 610),
('Brand65', 'Address65', 'Description65', 1997, 620),
('Brand66', 'Address66', 'Description66', 2003, 630),
('Brand67', 'Address67', 'Description67', 2011, 640),
('Brand68', 'Address68', 'Description68', 2001, 650),
('Brand69', 'Address69', 'Description69', 2009, 660),
('Brand70', 'Address70', 'Description70', 1999, 670),
('Brand71', 'Address71', 'Description71', 2007, 680),
('Brand72', 'Address72', 'Description72', 2013, 690),
('Brand73', 'Address73', 'Description73', 2000, 700),
('Brand74', 'Address74', 'Description74', 1995, 710),
('Brand75', 'Address75', 'Description75', 2010, 720);


INSERT INTO products (product_name, category, sub_category, brand, sale_price, market_price, type, rating, description) VALUES
('Product30', 'Category30', 'SubCategory30', 'Brand50', 1800, 2160, 'Type30', 3, 'Description30'),
('Product31', 'Category31', 'SubCategory31', 'Brand51', 1850, 2220, 'Type31', 5, 'Description31'),
('Product32', 'Category32', 'SubCategory32', 'Brand52', 1900, 2280, 'Type32', 4, 'Description32'),
('Product33', 'Category33', 'SubCategory33', 'Brand52', 2000, 2400, 'Type33', 4, 'Description33'),
('Product34', 'Category34', 'SubCategory34', 'Brand54', 2100, 2520, 'Type34', 3, 'Description34'),
('Product35', 'Category35', 'SubCategory35', 'Brand65', 2200, 2640, 'Type35', 5, 'Description35'),
('Product36', 'Category36', 'SubCategory36', 'Brand66', 2300, 2760, 'Type36', 4, 'Description36'),
('Product37', 'Category37', 'SubCategory37', 'Brand67', 2400, 2880, 'Type37', 4, 'Description37'),
('Product38', 'Category38', 'SubCategory38', 'Brand73', 2500, 3000, 'Type38', 3, 'Description38'),
('Product39', 'Category39', 'SubCategory39', 'Brand69', 2600, 3120, 'Type39', 5, 'Description39'),
('Product40', 'Category40', 'SubCategory40', 'Brand67', 2700, 3240, 'Type40', 4, 'Description40');

INSERT INTO orders (order_id, date, total_price) VALUES
(80, '2024-06-20', 16300),
(81, '2024-06-21', 16500),
(82, '2024-06-22', 16700),
(83, '2024-06-23', 16900),
(84, '2024-06-24', 17100),
(85, '2024-06-25', 17300),
(86, '2024-06-26', 17500),
(87, '2024-06-27', 17700),
(88, '2024-06-28', 17900),
(89, '2024-06-29', 18100),
(90, '2024-06-30', 18300),
(91, '2024-07-01', 18500),
(92, '2024-07-02', 18700),
(93, '2024-07-03', 18900),
(94, '2024-07-04', 19100),
(95, '2024-07-05', 19300),
(96, '2024-07-06', 19500),
(97, '2024-07-07', 19700),
(98, '2024-07-08', 19900);

INSERT INTO order_details (product, order_) VALUES
('Product31', 91),
('Product31', 92),
('Product32', 93),
('Product34', 94),
('Product35', 94),
('Product36', 96),
('Product35', 97),
('Product38', 94);